#Organism Name,Organism Groups,Strain,BioSample,BioProject,Assembly,Level,Size(Mb),GC%,Replicons,WGS,Scaffolds,CDS,Release Date,GenBank FTP,RefSeq FTP
"Pyricularia oryzae 70-15","Eukaryota;Fungi;Ascomycetes","70-15","SAMN02953596","PRJNA13840","GCA_000002495.2"," Chromosome",40.9791,51.5882,"chromosome 1:NC_017844.1/CM001231.1; chromosome 2:NC_017850.1/CM001232.1; chromosome 3:NC_017849.1/CM001233.1; chromosome 4:NC_017851.1/CM001234.1; chromosome 5:NC_017852.1/CM001235.1; chromosome 6:NC_017853.1/CM001236.1; chromosome 7:NC_017854.1/CM001237.1","AACU03",53,12989,"2003-10-31T00:00:00Z","ftp://ftp.ncbi.nlm.nih.gov/genomes/all/GCA/000/002/495/GCA_000002495.2_MG8","ftp://ftp.ncbi.nlm.nih.gov/genomes/all/GCF/000/002/495/GCF_000002495.2_MG8"
"Pyricularia oryzae","Eukaryota;Fungi;Ascomycetes","MZ5-1-6","SAMN10491321","PRJNA507314","GCA_004346965.1","Complete",42.7033,50.0762,"chromosome 1:CP034204.1; chromosome 2:CP034205.1; chromosome 3:CP034206.1; chromosome 4:CP034207.1; chromosome 5:CP034208.1; chromosome 6:CP034209.1; chromosome 7:CP034210.1",,7,13521,"2019-03-12T00:00:00Z","ftp://ftp.ncbi.nlm.nih.gov/genomes/all/GCA/004/346/965/GCA_004346965.1_ASM434696v1",
"Pyricularia oryzae","Eukaryota;Fungi;Ascomycetes","B71","SAMN06076154","PRJNA355407","GCA_004785725.1"," Chromosome",44.5168,49.8648,"chromosome 1:CM015700.1; chromosome 2:CM015701.1; chromosome 3:CM015702.1; chromosome 4:CM015703.1; chromosome 5:CM015704.1; chromosome 6:CM015705.1; chromosome 7:CM015706.1; mitochondrion MT:CM015711.1","MQUD01",13,0,"2019-04-12T00:00:00Z","ftp://ftp.ncbi.nlm.nih.gov/genomes/all/GCA/004/785/725/GCA_004785725.1_B71Ref1",
"Pyricularia oryzae","Eukaryota;Fungi;Ascomycetes","Sar-2-20-1","SAMN12340660","PRJNA556096","GCA_011799915.1","Contig",46.2848,50.9,,"JAATWF01",16,0,"2020-03-31T00:00:00Z","ftp://ftp.ncbi.nlm.nih.gov/genomes/all/GCA/011/799/915/GCA_011799915.1_ASM1179991v1",
"Pyricularia oryzae","Eukaryota;Fungi;Ascomycetes","","SAMEA4708262","PRJEB27137","GCA_900474375.2","Contig",43.9781,50,,"UELY02",16,0,"2018-06-20T00:00:00Z","ftp://ftp.ncbi.nlm.nih.gov/genomes/all/GCA/900/474/375/GCA_900474375.2_BTMP13_1_contigs",
"Pyricularia oryzae","Eukaryota;Fungi;Ascomycetes","FJ98099","SAMN12340661","PRJNA556096","GCA_011799925.1","Contig",44.6375,51,,"JAATWG01",10,0,"2020-03-31T00:00:00Z","ftp://ftp.ncbi.nlm.nih.gov/genomes/all/GCA/011/799/925/GCA_011799925.1_ASM1179992v1",
"Pyricularia oryzae","Eukaryota;Fungi;Ascomycetes","","SAMEA4708261","PRJEB27137","GCA_900474475.3","Contig",43.94,49.9,,"UELZ03",27,0,"2018-06-20T00:00:00Z","ftp://ftp.ncbi.nlm.nih.gov/genomes/all/GCA/900/474/475/GCA_900474475.3_CD156_genome_polished_no_mito",
"Pyricularia oryzae","Eukaryota;Fungi;Ascomycetes","Arcadia2","SAMN14167122","PRJNA320483","GCA_012654115.1","Scaffold",45.6845,50.6,,"JAALIO01",23,0,"2020-04-22T00:00:00Z","ftp://ftp.ncbi.nlm.nih.gov/genomes/all/GCA/012/654/115/GCA_012654115.1_ASM1265411v1",
"Pyricularia oryzae","Eukaryota;Fungi;Ascomycetes","AV1-1-1","SAMN12340659","PRJNA556096","GCA_011799965.1","Contig",44.9706,51,,"JAATWE01",13,0,"2020-03-31T00:00:00Z","ftp://ftp.ncbi.nlm.nih.gov/genomes/all/GCA/011/799/965/GCA_011799965.1_ASM1179996v1",
"Pyricularia oryzae","Eukaryota;Fungi;Ascomycetes","FJ72ZC7-77","SAMN12340662","PRJNA556096","GCA_011799905.1","Contig",43.3698,51.1,,"JAATWH01",13,0,"2020-03-31T00:00:00Z","ftp://ftp.ncbi.nlm.nih.gov/genomes/all/GCA/011/799/905/GCA_011799905.1_ASM1179990v1",
"Pyricularia oryzae","Eukaryota;Fungi;Ascomycetes","","SAMEA4708258","PRJEB27137","GCA_900474655.3","Contig",46.4104,51,,"UEMA03",31,0,"2018-06-20T00:00:00Z","ftp://ftp.ncbi.nlm.nih.gov/genomes/all/GCA/900/474/655/GCA_900474655.3_FR13_genome_polished_no_mito",
"Pyricularia oryzae","Eukaryota;Fungi;Ascomycetes","","SAMEA4708260","PRJEB27137","GCA_900474545.3","Contig",41.8051,50.1,,"UEMB03",17,0,"2018-06-20T00:00:00Z","ftp://ftp.ncbi.nlm.nih.gov/genomes/all/GCA/900/474/545/GCA_900474545.3_BR32_genome_polished_no_mito",
"Pyricularia oryzae","Eukaryota;Fungi;Ascomycetes","","SAMEA4708257","PRJEB27137","GCA_900474225.2","Contig",44.5067,50,,"UCOD02",59,0,"2018-06-18T00:00:00Z","ftp://ftp.ncbi.nlm.nih.gov/genomes/all/GCA/900/474/225/GCA_900474225.2_BTJP4_1_contigs",
"Pyricularia oryzae","Eukaryota;Fungi;Ascomycetes","FJ81278","SAMN06050152","PRJNA354811","GCA_002368475.1","Contig",43.8466,51,,"MQOO01",54,0,"2017-09-26T00:00:00Z","ftp://ftp.ncbi.nlm.nih.gov/genomes/all/GCA/002/368/475/GCA_002368475.1_ASM236847v1",
"Pyricularia oryzae","Eukaryota;Fungi;Ascomycetes","","SAMEA4708264","PRJEB27137","GCA_900474435.2","Contig",44.2343,50,,"UCOF02",57,0,"2018-06-18T00:00:00Z","ftp://ftp.ncbi.nlm.nih.gov/genomes/all/GCA/900/474/435/GCA_900474435.2_BTGP6F_contigs",
"Pyricularia oryzae","Eukaryota;Fungi;Ascomycetes","GUY11","SAMN06050153","PRJNA354811","GCA_002368485.1","Contig",42.8697,51.2,,"MQOP01",56,0,"2017-09-26T00:00:00Z","ftp://ftp.ncbi.nlm.nih.gov/genomes/all/GCA/002/368/485/GCA_002368485.1_ASM236848v1",
"Pyricularia oryzae","Eukaryota;Fungi;Ascomycetes","","SAMEA4708263","PRJEB27137","GCA_900474635.2","Contig",44.4061,50,,"UCOG02",74,0,"2018-06-18T00:00:00Z","ftp://ftp.ncbi.nlm.nih.gov/genomes/all/GCA/900/474/635/GCA_900474635.2_BTGP1b_contigs",
"Pyricularia oryzae","Eukaryota;Fungi;Ascomycetes","","SAMEA4708259","PRJEB27137","GCA_900474175.3","Contig",45.5807,50.7,,"UCNY03",55,0,"2018-06-18T00:00:00Z","ftp://ftp.ncbi.nlm.nih.gov/genomes/all/GCA/900/474/175/GCA_900474175.3_US71_genome_polished_no_mito",
"Pyricularia oryzae","Eukaryota;Fungi;Ascomycetes","Lh88405","SAMN14167125","PRJNA320483","GCA_012654035.1","Scaffold",45.5255,51.1,,"JAALIM01",166,0,"2020-04-22T00:00:00Z","ftp://ftp.ncbi.nlm.nih.gov/genomes/all/GCA/012/654/035/GCA_012654035.1_ASM1265403v1",
"Pyricularia oryzae","Eukaryota;Fungi;Ascomycetes","H08-1a","SAMN07267886","PRJNA391416","GCA_002218345.1","Contig",39.3831,51,,"NKQF01",2695,0,"2017-07-14T00:00:00Z","ftp://ftp.ncbi.nlm.nih.gov/genomes/all/GCA/002/218/345/GCA_002218345.1_H08-1a_0.9",
"Pyricularia oryzae HN19311","Eukaryota;Fungi;Ascomycetes","HN19311","SAMN02216973","PRJNA209870","GCA_000475075.1","Scaffold",36.6575,51.8,,"ATNT01",2998,0,"2013-10-21T00:00:00Z","ftp://ftp.ncbi.nlm.nih.gov/genomes/all/GCA/000/475/075/GCA_000475075.1_HN19311_genome_assembly",
"Pyricularia oryzae","Eukaryota;Fungi;Ascomycetes","13FM-24-1","SAMN06050061","PRJNA354675","GCA_003015395.1","Scaffold",38.5687,51.4,,"MQNS01",1772,0,"2018-03-26T00:00:00Z","ftp://ftp.ncbi.nlm.nih.gov/genomes/all/GCA/003/015/395/GCA_003015395.1_ASM301539v1",
"Pyricularia oryzae FJ81278","Eukaryota;Fungi;Ascomycetes","FJ81278","SAMN02215332","PRJNA209870","GCA_000498135.1","Scaffold",37.8739,51.4,,"ATNU01",3518,0,"2013-10-21T00:00:00Z","ftp://ftp.ncbi.nlm.nih.gov/genomes/all/GCA/000/498/135/GCA_000498135.1_FJ81278_genome_assembly",
"Pyricularia oryzae","Eukaryota;Fungi;Ascomycetes","13FM-16-1","SAMN06050060","PRJNA354675","GCA_003015385.1","Scaffold",38.3901,51.4,,"MQNR01",1648,0,"2018-03-26T00:00:00Z","ftp://ftp.ncbi.nlm.nih.gov/genomes/all/GCA/003/015/385/GCA_003015385.1_ASM301538v1",
"Pyricularia oryzae","Eukaryota;Fungi;Ascomycetes","13FM-5-1","SAMN06050063","PRJNA354675","GCA_003015425.1","Scaffold",38.4752,51.4,,"MQNU01",1820,0,"2018-03-26T00:00:00Z","ftp://ftp.ncbi.nlm.nih.gov/genomes/all/GCA/003/015/425/GCA_003015425.1_ASM301542v1",
"Pyricularia oryzae","Eukaryota;Fungi;Ascomycetes","P-0029","SAMN05898532","PRJNA320483","GCA_002218485.1","Scaffold",42.4455,50.1,,"MLCC01",818,0,"2017-07-14T00:00:00Z","ftp://ftp.ncbi.nlm.nih.gov/genomes/all/GCA/002/218/485/GCA_002218485.1_ASM221848v1",
"Pyricularia oryzae","Eukaryota;Fungi;Ascomycetes","P-0028","SAMN05864041","PRJNA320483","GCA_002218475.1","Scaffold",42.9883,50.1,,"MKZV01",1038,0,"2017-07-14T00:00:00Z","ftp://ftp.ncbi.nlm.nih.gov/genomes/all/GCA/002/218/475/GCA_002218475.1_P-0028",
"Pyricularia oryzae","Eukaryota;Fungi;Ascomycetes","Py22.1","SAMN05725179","PRJNA320483","GCA_002218425.1","Scaffold",42.437,50.1,,"MILZ01",900,0,"2017-07-14T00:00:00Z","ftp://ftp.ncbi.nlm.nih.gov/genomes/all/GCA/002/218/425/GCA_002218425.1_Py22.1",
"Pyricularia oryzae","Eukaryota;Fungi;Ascomycetes","13FM-3-2","SAMN06050062","PRJNA354675","GCA_003015405.1","Scaffold",38.8653,51.3,,"MQNT01",1849,0,"2018-03-26T00:00:00Z","ftp://ftp.ncbi.nlm.nih.gov/genomes/all/GCA/003/015/405/GCA_003015405.1_ASM301540v1",
"Pyricularia oryzae","Eukaryota;Fungi;Ascomycetes","YN07205e","SAMN06050135","PRJNA354675","GCA_003016545.1","Scaffold",38.7543,51.2,,"MQQS01",2052,0,"2018-03-26T00:00:00Z","ftp://ftp.ncbi.nlm.nih.gov/genomes/all/GCA/003/016/545/GCA_003016545.1_ASM301654v1",
"Pyricularia oryzae","Eukaryota;Fungi;Ascomycetes","YN072311","SAMN06050137","PRJNA354675","GCA_003017045.1","Scaffold",39.246,51.2,,"MQQU01",2185,0,"2018-03-26T00:00:00Z","ftp://ftp.ncbi.nlm.nih.gov/genomes/all/GCA/003/017/045/GCA_003017045.1_ASM301704v1",
"Pyricularia oryzae","Eukaryota;Fungi;Ascomycetes","13FM-9-1","SAMN06050064","PRJNA354675","GCA_003015465.1","Scaffold",38.8077,51.3,,"MQNV01",1885,0,"2018-03-26T00:00:00Z","ftp://ftp.ncbi.nlm.nih.gov/genomes/all/GCA/003/015/465/GCA_003015465.1_ASM301546v1",
"Pyricularia oryzae","Eukaryota;Fungi;Ascomycetes","HN10-1604","SAMN06050102","PRJNA354675","GCA_003016245.1","Scaffold",37.9469,51.7,,"MQPL01",1957,0,"2018-03-26T00:00:00Z","ftp://ftp.ncbi.nlm.nih.gov/genomes/all/GCA/003/016/245/GCA_003016245.1_ASM301624v1",
"Pyricularia oryzae","Eukaryota;Fungi;Ascomycetes","YN072313","SAMN06050138","PRJNA354675","GCA_003017065.1","Scaffold",38.7969,51.2,,"MQQV01",1869,0,"2018-03-26T00:00:00Z","ftp://ftp.ncbi.nlm.nih.gov/genomes/all/GCA/003/017/065/GCA_003017065.1_ASM301706v1",
"Pyricularia oryzae","Eukaryota;Fungi;Ascomycetes","YN08182c","SAMN06050140","PRJNA354675","GCA_003017125.1","Scaffold",39.3119,51.1,,"MQQX01",2562,0,"2018-03-26T00:00:00Z","ftp://ftp.ncbi.nlm.nih.gov/genomes/all/GCA/003/017/125/GCA_003017125.1_ASM301712v1",
"Pyricularia oryzae","Eukaryota;Fungi;Ascomycetes","YN08181e","SAMN06050139","PRJNA354675","GCA_003017115.1","Scaffold",38.8216,51.3,,"MQQW01",1812,0,"2018-03-26T00:00:00Z","ftp://ftp.ncbi.nlm.nih.gov/genomes/all/GCA/003/017/115/GCA_003017115.1_ASM301711v1",
"Pyricularia oryzae","Eukaryota;Fungi;Ascomycetes","WBKY11","SAMN08009578","PRJNA320483","GCA_002924685.1","Scaffold",43.3563,49.4,,"PJXR01",114,0,"2018-02-08T00:00:00Z","ftp://ftp.ncbi.nlm.nih.gov/genomes/all/GCA/002/924/685/GCA_002924685.1_ASM292468v1",
"Pyricularia oryzae","Eukaryota;Fungi;Ascomycetes","BJ08-8","SAMN06050067","PRJNA354675","GCA_003015515.1","Scaffold",38.584,51.6,,"MQNY01",2008,0,"2018-03-26T00:00:00Z","ftp://ftp.ncbi.nlm.nih.gov/genomes/all/GCA/003/015/515/GCA_003015515.1_ASM301551v1",
"Pyricularia oryzae","Eukaryota;Fungi;Ascomycetes","JS09-138","SAMN06050105","PRJNA354675","GCA_003016265.1","Scaffold",38.4658,51.7,,"MQPO01",2100,0,"2018-03-26T00:00:00Z","ftp://ftp.ncbi.nlm.nih.gov/genomes/all/GCA/003/016/265/GCA_003016265.1_ASM301626v1",
"Pyricularia oryzae","Eukaryota;Fungi;Ascomycetes","HN-158","SAMN06050101","PRJNA354675","GCA_003016255.1","Scaffold",38.1081,51.7,,"MQPK01",1996,0,"2018-03-26T00:00:00Z","ftp://ftp.ncbi.nlm.nih.gov/genomes/all/GCA/003/016/255/GCA_003016255.1_ASM301625v1",
"Pyricularia oryzae","Eukaryota;Fungi;Ascomycetes","ZJ2011-7-1","SAMN06050147","PRJNA354675","GCA_003016635.1","Scaffold",38.6224,51.3,,"MQRE01",1663,0,"2018-03-26T00:00:00Z","ftp://ftp.ncbi.nlm.nih.gov/genomes/all/GCA/003/016/635/GCA_003016635.1_ASM301663v1",
"Pyricularia oryzae","Eukaryota;Fungi;Ascomycetes","YN126311","SAMN06050141","PRJNA354675","GCA_003017175.1","Scaffold",39.3137,51.2,,"MQQY01",2199,0,"2018-03-26T00:00:00Z","ftp://ftp.ncbi.nlm.nih.gov/genomes/all/GCA/003/017/175/GCA_003017175.1_ASM301717v1",
"Pyricularia oryzae","Eukaryota;Fungi;Ascomycetes","YN8773-19","SAMN06050143","PRJNA354675","GCA_003017165.1","Scaffold",37.2516,51.6,,"MQRA01",1498,0,"2018-03-26T00:00:00Z","ftp://ftp.ncbi.nlm.nih.gov/genomes/all/GCA/003/017/165/GCA_003017165.1_ASM301716v1",
"Pyricularia oryzae","Eukaryota;Fungi;Ascomycetes","98-06","SAMN03010511","PRJNA259589","GCA_000805855.1","Scaffold",42.3067,50.8,,"JRBC01",284,0,"2014-12-19T00:00:00Z","ftp://ftp.ncbi.nlm.nih.gov/genomes/all/GCA/000/805/855/GCA_000805855.1_ASM80585v1",
"Pyricularia oryzae","Eukaryota;Fungi;Ascomycetes","JX11-141","SAMN06050108","PRJNA354675","GCA_003016655.1","Scaffold",38.3098,51.7,,"MQPR01",2092,0,"2018-03-26T00:00:00Z","ftp://ftp.ncbi.nlm.nih.gov/genomes/all/GCA/003/016/655/GCA_003016655.1_ASM301665v1",
"Pyricularia oryzae","Eukaryota;Fungi;Ascomycetes","JX10-102","SAMN06050107","PRJNA354675","GCA_003016665.1","Scaffold",37.6364,51.8,,"MQPQ01",1959,0,"2018-03-26T00:00:00Z","ftp://ftp.ncbi.nlm.nih.gov/genomes/all/GCA/003/016/665/GCA_003016665.1_ASM301666v1",
"Pyricularia oryzae","Eukaryota;Fungi;Ascomycetes","YN072310","SAMN06050136","PRJNA354675","GCA_003016555.1","Scaffold",39.3036,51.2,,"MQQT01",2213,0,"2018-03-26T00:00:00Z","ftp://ftp.ncbi.nlm.nih.gov/genomes/all/GCA/003/016/555/GCA_003016555.1_ASM301655v1",
"Pyricularia oryzae","Eukaryota;Fungi;Ascomycetes","HB-14","SAMN06050098","PRJNA354675","GCA_003016015.1","Scaffold",38.2015,51.8,,"MQPH01",2005,0,"2018-03-26T00:00:00Z","ftp://ftp.ncbi.nlm.nih.gov/genomes/all/GCA/003/016/015/GCA_003016015.1_ASM301601v1",
"Pyricularia oryzae","Eukaryota;Fungi;Ascomycetes","YN8773R-27","SAMN06050144","PRJNA354675","GCA_003016575.1","Scaffold",37.3754,51.7,,"MQRB01",1548,0,"2018-03-26T00:00:00Z","ftp://ftp.ncbi.nlm.nih.gov/genomes/all/GCA/003/016/575/GCA_003016575.1_ASM301657v1",
"Pyricularia oryzae","Eukaryota;Fungi;Ascomycetes","JS08-611","SAMN06050104","PRJNA354675","GCA_003016275.1","Scaffold",38.1997,51.8,,"MQPN01",1976,0,"2018-03-26T00:00:00Z","ftp://ftp.ncbi.nlm.nih.gov/genomes/all/GCA/003/016/275/GCA_003016275.1_ASM301627v1",
"Pyricularia oryzae","Eukaryota;Fungi;Ascomycetes","B2","SAMN05580113","PRJNA320483","GCA_002218465.1","Scaffold",41.7719,50.4,,"MDUN01",1332,0,"2017-07-14T00:00:00Z","ftp://ftp.ncbi.nlm.nih.gov/genomes/all/GCA/002/218/465/GCA_002218465.1_ASM221846v1",
"Pyricularia oryzae","Eukaryota;Fungi;Ascomycetes","GD08-2025","SAMN06050097","PRJNA354675","GCA_003016195.1","Scaffold",37.9737,51.8,,"MQPG01",2008,0,"2018-03-26T00:00:00Z","ftp://ftp.ncbi.nlm.nih.gov/genomes/all/GCA/003/016/195/GCA_003016195.1_ASM301619v1",
"Pyricularia oryzae","Eukaryota;Fungi;Ascomycetes","ZJ00-10","SAMN06050145","PRJNA354675","GCA_003017255.1","Scaffold",37.8513,51.8,,"MQRC01",1875,0,"2018-03-26T00:00:00Z","ftp://ftp.ncbi.nlm.nih.gov/genomes/all/GCA/003/017/255/GCA_003017255.1_ASM301725v1",
"Pyricularia oryzae","Eukaryota;Fungi;Ascomycetes","GUY11","SAMN06050151","PRJNA354811","GCA_002368525.1","Scaffold",37.4902,51.4,,"MQOR01",1182,0,"2017-09-26T00:00:00Z","ftp://ftp.ncbi.nlm.nih.gov/genomes/all/GCA/002/368/525/GCA_002368525.1_ASM236852v1",
"Pyricularia oryzae","Eukaryota;Fungi;Ascomycetes","ZJ08-41","SAMN06050146","PRJNA354675","GCA_003016625.1","Scaffold",37.8234,51.9,,"MQRD01",1871,0,"2018-03-26T00:00:00Z","ftp://ftp.ncbi.nlm.nih.gov/genomes/all/GCA/003/016/625/GCA_003016625.1_ASM301662v1",
"Pyricularia oryzae","Eukaryota;Fungi;Ascomycetes","SC-10-120-65-2","SAMN06050115","PRJNA354675","GCA_003016395.1","Scaffold",38.3298,51.3,,"MQPY01",1726,0,"2018-03-26T00:00:00Z","ftp://ftp.ncbi.nlm.nih.gov/genomes/all/GCA/003/016/395/GCA_003016395.1_ASM301639v1",
"Pyricularia oryzae","Eukaryota;Fungi;Ascomycetes","TW-TN4-2","SAMN06050133","PRJNA354675","GCA_003017025.1","Scaffold",39.1997,51.1,,"MQQQ01",1886,0,"2018-03-26T00:00:00Z","ftp://ftp.ncbi.nlm.nih.gov/genomes/all/GCA/003/017/025/GCA_003017025.1_ASM301702v1",
"Pyricularia oryzae","Eukaryota;Fungi;Ascomycetes","TW-2-7-2-A-1","SAMN06050126","PRJNA354675","GCA_003016465.1","Scaffold",39.2276,51.2,,"MQQJ01",1861,0,"2018-03-26T00:00:00Z","ftp://ftp.ncbi.nlm.nih.gov/genomes/all/GCA/003/016/465/GCA_003016465.1_ASM301646v1",
"Pyricularia oryzae","Eukaryota;Fungi;Ascomycetes","DB11-621","SAMN06050068","PRJNA354675","GCA_003015545.1","Scaffold",38.3319,51.8,,"MQNZ01",2046,0,"2018-03-26T00:00:00Z","ftp://ftp.ncbi.nlm.nih.gov/genomes/all/GCA/003/015/545/GCA_003015545.1_ASM301554v1",
"Pyricularia oryzae","Eukaryota;Fungi;Ascomycetes","FJ81278","SAMN06050150","PRJNA354811","GCA_002368515.1","Scaffold",38.0289,51.2,,"MQOQ01",1415,0,"2017-09-26T00:00:00Z","ftp://ftp.ncbi.nlm.nih.gov/genomes/all/GCA/002/368/515/GCA_002368515.1_ASM236851v1",
"Pyricularia oryzae","Eukaryota;Fungi;Ascomycetes","FJ86061ZE3-39","SAMN06050089","PRJNA354675","GCA_003015935.1","Scaffold",39.0626,51.1,,"MQOY01",1749,0,"2018-03-26T00:00:00Z","ftp://ftp.ncbi.nlm.nih.gov/genomes/all/GCA/003/015/935/GCA_003015935.1_ASM301593v1",
"Pyricularia oryzae","Eukaryota;Fungi;Ascomycetes","FJ81221ZB11-14","SAMN06050087","PRJNA354675","GCA_003016105.1","Scaffold",38.5591,51.2,,"MQOW01",2049,0,"2018-03-26T00:00:00Z","ftp://ftp.ncbi.nlm.nih.gov/genomes/all/GCA/003/016/105/GCA_003016105.1_ASM301610v1",
"Pyricularia oryzae","Eukaryota;Fungi;Ascomycetes","TW-12CY-TB1-2","SAMN06050118","PRJNA354675","GCA_003016805.1","Scaffold",38.9691,51.2,,"MQQB01",1864,0,"2018-03-26T00:00:00Z","ftp://ftp.ncbi.nlm.nih.gov/genomes/all/GCA/003/016/805/GCA_003016805.1_ASM301680v1",
"Pyricularia oryzae","Eukaryota;Fungi;Ascomycetes","YN126441","SAMN06050142","PRJNA354675","GCA_003016585.1","Scaffold",38.7231,51.3,,"MQQZ01",1959,0,"2018-03-26T00:00:00Z","ftp://ftp.ncbi.nlm.nih.gov/genomes/all/GCA/003/016/585/GCA_003016585.1_ASM301658v1",
"Pyricularia oryzae","Eukaryota;Fungi;Ascomycetes","SC-10-25-44-1","SAMN06050116","PRJNA354675","GCA_003016795.1","Scaffold",38.7194,51.2,,"MQPZ01",1798,0,"2018-03-26T00:00:00Z","ftp://ftp.ncbi.nlm.nih.gov/genomes/all/GCA/003/016/795/GCA_003016795.1_ASM301679v1",
"Pyricularia oryzae","Eukaryota;Fungi;Ascomycetes","TW-CYBP1-3","SAMN06050129","PRJNA354675","GCA_003016495.1","Scaffold",39.0758,51.2,,"MQQM01",1850,0,"2018-03-26T00:00:00Z","ftp://ftp.ncbi.nlm.nih.gov/genomes/all/GCA/003/016/495/GCA_003016495.1_ASM301649v1",
"Pyricularia oryzae","Eukaryota;Fungi;Ascomycetes","SV9610","SAMN04318449","PRJNA304354","GCA_001548845.1","Scaffold",39.3255,51.3,,"LOFE01",1546,0,"2016-02-04T00:00:00Z","ftp://ftp.ncbi.nlm.nih.gov/genomes/all/GCA/001/548/845/GCA_001548845.1_SV9610",
"Pyricularia oryzae","Eukaryota;Fungi;Ascomycetes","TW-6-2-2-B-1","SAMN06050127","PRJNA354675","GCA_003016955.1","Scaffold",38.7496,51.2,,"MQQK01",1715,0,"2018-03-26T00:00:00Z","ftp://ftp.ncbi.nlm.nih.gov/genomes/all/GCA/003/016/955/GCA_003016955.1_ASM301695v1",
"Pyricularia oryzae","Eukaryota;Fungi;Ascomycetes","AV1-1-1","SAMN06050065","PRJNA354675","GCA_003015475.1","Scaffold",38.8869,51.2,,"MQNW01",1808,0,"2018-03-26T00:00:00Z","ftp://ftp.ncbi.nlm.nih.gov/genomes/all/GCA/003/015/475/GCA_003015475.1_ASM301547v1",
"Pyricularia oryzae","Eukaryota;Fungi;Ascomycetes","PL3-1","SAMN08009572","PRJNA320483","GCA_002924825.1","Contig",42.4835,50.1,,"PJXX01",1722,0,"2018-02-08T00:00:00Z","ftp://ftp.ncbi.nlm.nih.gov/genomes/all/GCA/002/924/825/GCA_002924825.1_ASM292482v1",
"Pyricularia oryzae","Eukaryota;Fungi;Ascomycetes","WD-3-1_1","SAMN06050134","PRJNA354675","GCA_003017035.1","Scaffold",38.6545,51.2,,"MQQR01",1877,0,"2018-03-26T00:00:00Z","ftp://ftp.ncbi.nlm.nih.gov/genomes/all/GCA/003/017/035/GCA_003017035.1_ASM301703v1",
"Pyricularia oryzae","Eukaryota;Fungi;Ascomycetes","TW-PT1-1","SAMN06050130","PRJNA354675","GCA_003016965.1","Scaffold",38.9256,51.2,,"MQQN01",1891,0,"2018-03-26T00:00:00Z","ftp://ftp.ncbi.nlm.nih.gov/genomes/all/GCA/003/016/965/GCA_003016965.1_ASM301696v1",
"Pyricularia oryzae","Eukaryota;Fungi;Ascomycetes","SV9623","SAMN04318450","PRJNA304354","GCA_001548855.1","Scaffold",39.3768,51.2,,"LOFF01",1514,0,"2016-02-04T00:00:00Z","ftp://ftp.ncbi.nlm.nih.gov/genomes/all/GCA/001/548/855/GCA_001548855.1_SV9623",
"Pyricularia oryzae","Eukaryota;Fungi;Ascomycetes","TW-12HL-YL2-1","SAMN06050120","PRJNA354675","GCA_003016855.1","Scaffold",38.9947,51.2,,"MQQD01",1920,0,"2018-03-26T00:00:00Z","ftp://ftp.ncbi.nlm.nih.gov/genomes/all/GCA/003/016/855/GCA_003016855.1_ASM301685v1",
"Pyricularia oryzae","Eukaryota;Fungi;Ascomycetes","TW-PT3-1","SAMN06050131","PRJNA354675","GCA_003016505.1","Scaffold",38.9779,51.3,,"MQQO01",1955,0,"2018-03-26T00:00:00Z","ftp://ftp.ncbi.nlm.nih.gov/genomes/all/GCA/003/016/505/GCA_003016505.1_ASM301650v1",
"Pyricularia oryzae","Eukaryota;Fungi;Ascomycetes","FJ81-JY","SAMN06050083","PRJNA354675","GCA_003015825.1","Scaffold",38.7283,51.3,,"MQOS01",1895,0,"2018-03-26T00:00:00Z","ftp://ftp.ncbi.nlm.nih.gov/genomes/all/GCA/003/015/825/GCA_003015825.1_ASM301582v1",
"Pyricularia oryzae","Eukaryota;Fungi;Ascomycetes","TW-1-1-1-B-1","SAMN06050117","PRJNA354675","GCA_003016415.1","Scaffold",39.2642,51.2,,"MQQA01",1976,0,"2018-03-26T00:00:00Z","ftp://ftp.ncbi.nlm.nih.gov/genomes/all/GCA/003/016/415/GCA_003016415.1_ASM301641v1",
"Pyricularia oryzae","Eukaryota;Fungi;Ascomycetes","TW-12TN-HB2-2","SAMN06050122","PRJNA354675","GCA_003016895.1","Scaffold",39.0325,51.2,,"MQQF01",1805,0,"2018-03-26T00:00:00Z","ftp://ftp.ncbi.nlm.nih.gov/genomes/all/GCA/003/016/895/GCA_003016895.1_ASM301689v1",
"Pyricularia oryzae","Eukaryota;Fungi;Ascomycetes","TW-12HL-DF1-2","SAMN06050119","PRJNA354675","GCA_003016825.1","Scaffold",38.701,51.2,,"MQQC01",1802,0,"2018-03-26T00:00:00Z","ftp://ftp.ncbi.nlm.nih.gov/genomes/all/GCA/003/016/825/GCA_003016825.1_ASM301682v1",
"Pyricularia oryzae","Eukaryota;Fungi;Ascomycetes","GD-05-029b","SAMN06050095","PRJNA354675","GCA_003016175.1","Scaffold",37.9365,51.4,,"MQPE01",1653,0,"2018-03-26T00:00:00Z","ftp://ftp.ncbi.nlm.nih.gov/genomes/all/GCA/003/016/175/GCA_003016175.1_ASM301617v1",
"Pyricularia oryzae","Eukaryota;Fungi;Ascomycetes","JS-10-6-1-2","SAMN06050103","PRJNA354675","GCA_003016085.1","Scaffold",38.5562,51.3,,"MQPM01",1667,0,"2018-03-26T00:00:00Z","ftp://ftp.ncbi.nlm.nih.gov/genomes/all/GCA/003/016/085/GCA_003016085.1_ASM301608v1",
"Pyricularia oryzae","Eukaryota;Fungi;Ascomycetes","TW-PT6-1","SAMN06050132","PRJNA354675","GCA_003016985.1","Scaffold",39.072,51.2,,"MQQP01",1894,0,"2018-03-26T00:00:00Z","ftp://ftp.ncbi.nlm.nih.gov/genomes/all/GCA/003/016/985/GCA_003016985.1_ASM301698v1",
"Pyricularia oryzae","Eukaryota;Fungi;Ascomycetes","TW-12YL-DP1-1","SAMN06050124","PRJNA354675","GCA_003016425.1","Scaffold",38.8793,51.3,,"MQQH01",1927,0,"2018-03-26T00:00:00Z","ftp://ftp.ncbi.nlm.nih.gov/genomes/all/GCA/003/016/425/GCA_003016425.1_ASM301642v1",
"Pyricularia oryzae","Eukaryota;Fungi;Ascomycetes","KA2-1-1","SAMN06050110","PRJNA354675","GCA_003016715.1","Scaffold",39.294,51.2,,"MQPT01",1855,0,"2018-03-26T00:00:00Z","ftp://ftp.ncbi.nlm.nih.gov/genomes/all/GCA/003/016/715/GCA_003016715.1_ASM301671v1",
"Pyricularia oryzae","Eukaryota;Fungi;Ascomycetes","TW-12TD-RH1-1","SAMN06050121","PRJNA354675","GCA_003016875.1","Scaffold",39.0291,51.2,,"MQQE01",1791,0,"2018-03-26T00:00:00Z","ftp://ftp.ncbi.nlm.nih.gov/genomes/all/GCA/003/016/875/GCA_003016875.1_ASM301687v1",
"Pyricularia oryzae","Eukaryota;Fungi;Ascomycetes","Py5020","SAMN05762829","PRJNA320483","GCA_002218435.1","Scaffold",42.6706,50.1,,"MKIG01",1386,0,"2017-07-14T00:00:00Z","ftp://ftp.ncbi.nlm.nih.gov/genomes/all/GCA/002/218/435/GCA_002218435.1_ASM221843v1",
"Pyricularia oryzae","Eukaryota;Fungi;Ascomycetes","V86010","SAMN06392751","PRJNA376429","GCA_002105295.1","Scaffold",38.9347,51.1,,"MWIT01",1924,0,"2017-04-21T00:00:00Z","ftp://ftp.ncbi.nlm.nih.gov/genomes/all/GCA/002/105/295/GCA_002105295.1_ASM210529v1",
"Pyricularia oryzae","Eukaryota;Fungi;Ascomycetes","FJ0204804","SAMN06050069","PRJNA354675","GCA_003015555.1","Scaffold",38.025,51.6,,"MQOA01",1719,0,"2018-03-26T00:00:00Z","ftp://ftp.ncbi.nlm.nih.gov/genomes/all/GCA/003/015/555/GCA_003015555.1_ASM301555v1",
"Pyricularia oryzae","Eukaryota;Fungi;Ascomycetes","FJ98099","SAMN06050092","PRJNA354675","GCA_003015975.1","Scaffold",38.4836,51.2,,"MQPB01",1722,0,"2018-03-26T00:00:00Z","ftp://ftp.ncbi.nlm.nih.gov/genomes/all/GCA/003/015/975/GCA_003015975.1_ASM301597v1",
"Pyricularia oryzae","Eukaryota;Fungi;Ascomycetes","FJ2001-112B","SAMN06050076","PRJNA354675","GCA_003015705.1","Scaffold",38.6895,51.2,,"MQOH01",1697,0,"2018-03-26T00:00:00Z","ftp://ftp.ncbi.nlm.nih.gov/genomes/all/GCA/003/015/705/GCA_003015705.1_ASM301570v1",
"Pyricularia oryzae","Eukaryota;Fungi;Ascomycetes","KA1-3-1","SAMN06050109","PRJNA354675","GCA_003016705.1","Scaffold",39.3455,51.1,,"MQPS01",2079,0,"2018-03-26T00:00:00Z","ftp://ftp.ncbi.nlm.nih.gov/genomes/all/GCA/003/016/705/GCA_003016705.1_ASM301670v1",
"Pyricularia oryzae","Eukaryota;Fungi;Ascomycetes","FJ95085AZB13-116","SAMN06050091","PRJNA354675","GCA_003016115.1","Scaffold",38.151,51.3,,"MQPA01",1722,0,"2018-03-26T00:00:00Z","ftp://ftp.ncbi.nlm.nih.gov/genomes/all/GCA/003/016/115/GCA_003016115.1_ASM301611v1",
"Pyricularia oryzae","Eukaryota;Fungi;Ascomycetes","FJ72ZC7-77","SAMN06050081","PRJNA354675","GCA_003015815.1","Scaffold",37.8458,51.3,,"MQOM01",1533,0,"2018-03-26T00:00:00Z","ftp://ftp.ncbi.nlm.nih.gov/genomes/all/GCA/003/015/815/GCA_003015815.1_ASM301581v1",
"Pyricularia oryzae","Eukaryota;Fungi;Ascomycetes","HN-0812-3","SAMN06050100","PRJNA354675","GCA_003016035.1","Scaffold",37.9882,51.4,,"MQPJ01",1712,0,"2018-03-26T00:00:00Z","ftp://ftp.ncbi.nlm.nih.gov/genomes/all/GCA/003/016/035/GCA_003016035.1_ASM301603v1",
"Pyricularia oryzae","Eukaryota;Fungi;Ascomycetes","BJ-90-611","SAMN06050066","PRJNA354675","GCA_003015495.1","Scaffold",38.4214,51.4,,"MQNX01",1771,0,"2018-03-26T00:00:00Z","ftp://ftp.ncbi.nlm.nih.gov/genomes/all/GCA/003/015/495/GCA_003015495.1_ASM301549v1",
"Pyricularia oryzae","Eukaryota;Fungi;Ascomycetes","FJ11YD-673-1","SAMN06050071","PRJNA354675","GCA_003015595.1","Scaffold",38.341,51.3,,"MQOC01",1693,0,"2018-03-26T00:00:00Z","ftp://ftp.ncbi.nlm.nih.gov/genomes/all/GCA/003/015/595/GCA_003015595.1_ASM301559v1",
"Pyricularia oryzae","Eukaryota;Fungi;Ascomycetes","FJ95054B","SAMN06050090","PRJNA354675","GCA_003015955.1","Scaffold",38.2532,51.3,,"MQOZ01",1598,0,"2018-03-26T00:00:00Z","ftp://ftp.ncbi.nlm.nih.gov/genomes/all/GCA/003/015/955/GCA_003015955.1_ASM301595v1",
"Pyricularia oryzae","Eukaryota;Fungi;Ascomycetes","FJ2000-62A","SAMN06050074","PRJNA354675","GCA_003015645.1","Scaffold",38.5909,51.2,,"MQOF01",1754,0,"2018-03-26T00:00:00Z","ftp://ftp.ncbi.nlm.nih.gov/genomes/all/GCA/003/015/645/GCA_003015645.1_ASM301564v1",
"Pyricularia oryzae","Eukaryota;Fungi;Ascomycetes","FJSH0703","SAMN06050094","PRJNA354675","GCA_003016005.1","Scaffold",38.3119,51.4,,"MQPD01",1843,0,"2018-03-26T00:00:00Z","ftp://ftp.ncbi.nlm.nih.gov/genomes/all/GCA/003/016/005/GCA_003016005.1_ASM301600v1",
"Pyricularia oryzae","Eukaryota;Fungi;Ascomycetes","TW-6-43-1","SAMN06050128","PRJNA354675","GCA_003016475.1","Scaffold",39.0253,51.2,,"MQQL01",1860,0,"2018-03-26T00:00:00Z","ftp://ftp.ncbi.nlm.nih.gov/genomes/all/GCA/003/016/475/GCA_003016475.1_ASM301647v1",
"Pyricularia oryzae","Eukaryota;Fungi;Ascomycetes","TW-12YL-DL3-2","SAMN06050123","PRJNA354675","GCA_003016905.1","Scaffold",38.6731,51.3,,"MQQG01",1859,0,"2018-03-26T00:00:00Z","ftp://ftp.ncbi.nlm.nih.gov/genomes/all/GCA/003/016/905/GCA_003016905.1_ASM301690v1",
"Pyricularia oryzae","Eukaryota;Fungi;Ascomycetes","FJ43ZB15-68","SAMN06050080","PRJNA354675","GCA_003015805.1","Scaffold",37.9723,51.3,,"MQOL01",1599,0,"2018-03-26T00:00:00Z","ftp://ftp.ncbi.nlm.nih.gov/genomes/all/GCA/003/015/805/GCA_003015805.1_ASM301580v1",
"Pyricularia oryzae","Eukaryota;Fungi;Ascomycetes","FJ2000-69A","SAMN06050075","PRJNA354675","GCA_003015655.1","Scaffold",38.0228,51.3,,"MQOG01",1601,0,"2018-03-26T00:00:00Z","ftp://ftp.ncbi.nlm.nih.gov/genomes/all/GCA/003/015/655/GCA_003015655.1_ASM301565v1",
"Pyricularia oryzae","Eukaryota;Fungi;Ascomycetes","FJ11SH-527-1","SAMN06050070","PRJNA354675","GCA_003015565.1","Scaffold",38.2426,51.3,,"MQOB01",1709,0,"2018-03-26T00:00:00Z","ftp://ftp.ncbi.nlm.nih.gov/genomes/all/GCA/003/015/565/GCA_003015565.1_ASM301556v1",
"Pyricularia oryzae","Eukaryota;Fungi;Ascomycetes","JX-09Z116-1","SAMN06050106","PRJNA354675","GCA_003016325.1","Scaffold",37.6019,51.6,,"MQPP01",1589,0,"2018-03-26T00:00:00Z","ftp://ftp.ncbi.nlm.nih.gov/genomes/all/GCA/003/016/325/GCA_003016325.1_ASM301632v1",
"Pyricularia oryzae","Eukaryota;Fungi;Ascomycetes","HB-LTH18","SAMN06050099","PRJNA354675","GCA_003016025.1","Scaffold",38.1805,51.4,,"MQPI01",1601,0,"2018-03-26T00:00:00Z","ftp://ftp.ncbi.nlm.nih.gov/genomes/all/GCA/003/016/025/GCA_003016025.1_ASM301602v1",
"Pyricularia oryzae","Eukaryota;Fungi;Ascomycetes","FH","SAMN08009551","PRJNA320483","GCA_002925225.1","Contig",42.9322,50.1,,"PJYS01",2071,0,"2018-02-08T00:00:00Z","ftp://ftp.ncbi.nlm.nih.gov/genomes/all/GCA/002/925/225/GCA_002925225.1_ASM292522v1",
"Pyricularia oryzae","Eukaryota;Fungi;Ascomycetes","FJ2006-60A3","SAMN06050079","PRJNA354675","GCA_003015755.1","Scaffold",37.7024,51.4,,"MQOK01",1729,0,"2018-03-26T00:00:00Z","ftp://ftp.ncbi.nlm.nih.gov/genomes/all/GCA/003/015/755/GCA_003015755.1_ASM301575v1",
"Pyricularia oryzae","Eukaryota;Fungi;Ascomycetes","GD06-53","SAMN06050096","PRJNA354675","GCA_003016185.1","Scaffold",37.4004,51.9,,"MQPF01",1923,0,"2018-03-26T00:00:00Z","ftp://ftp.ncbi.nlm.nih.gov/genomes/all/GCA/003/016/185/GCA_003016185.1_ASM301618v1",
"Pyricularia oryzae","Eukaryota;Fungi;Ascomycetes","FJ12JN-084-3","SAMN06050072","PRJNA354675","GCA_003015625.1","Scaffold",37.2837,51.7,,"MQOD01",1537,0,"2018-03-26T00:00:00Z","ftp://ftp.ncbi.nlm.nih.gov/genomes/all/GCA/003/015/625/GCA_003015625.1_ASM301562v1",
"Pyricularia oryzae","Eukaryota;Fungi;Ascomycetes","FJ2005113B","SAMN06050078","PRJNA354675","GCA_003015745.1","Scaffold",38.5396,51.2,,"MQOJ01",1702,0,"2018-03-26T00:00:00Z","ftp://ftp.ncbi.nlm.nih.gov/genomes/all/GCA/003/015/745/GCA_003015745.1_ASM301574v1",
"Pyricularia oryzae","Eukaryota;Fungi;Ascomycetes","FJ81-MH","SAMN06050084","PRJNA354675","GCA_003015885.1","Scaffold",38.6447,51.3,,"MQOT01",1972,0,"2018-03-26T00:00:00Z","ftp://ftp.ncbi.nlm.nih.gov/genomes/all/GCA/003/015/885/GCA_003015885.1_ASM301588v1",
"Pyricularia oryzae","Eukaryota;Fungi;Ascomycetes","FJ78-JJ","SAMN06050082","PRJNA354675","GCA_003015835.1","Scaffold",38.4536,51.3,,"MQON01",1757,0,"2018-03-26T00:00:00Z","ftp://ftp.ncbi.nlm.nih.gov/genomes/all/GCA/003/015/835/GCA_003015835.1_ASM301583v1",
"Pyricularia oryzae","Eukaryota;Fungi;Ascomycetes","FJ2003-001A1","SAMN06050077","PRJNA354675","GCA_003015735.1","Scaffold",38.0817,51.5,,"MQOI01",1675,0,"2018-03-26T00:00:00Z","ftp://ftp.ncbi.nlm.nih.gov/genomes/all/GCA/003/015/735/GCA_003015735.1_ASM301573v1",
"Pyricularia oryzae","Eukaryota;Fungi;Ascomycetes","FJ13SH05-2","SAMN06050073","PRJNA354675","GCA_003015635.1","Scaffold",37.752,51.6,,"MQOE01",1746,0,"2018-03-26T00:00:00Z","ftp://ftp.ncbi.nlm.nih.gov/genomes/all/GCA/003/015/635/GCA_003015635.1_ASM301563v1",
"Pyricularia oryzae","Eukaryota;Fungi;Ascomycetes","2539","SAMN11866126","PRJNA544882","GCA_012922935.1","Scaffold",38.0835,51.1,,"VCMT01",1391,0,"2020-04-28T00:00:00Z","ftp://ftp.ncbi.nlm.nih.gov/genomes/all/GCA/012/922/935/GCA_012922935.1_ASM1292293v1",
"Pyricularia oryzae","Eukaryota;Fungi;Ascomycetes","TW-12YL-TT4-1","SAMN06050125","PRJNA354675","GCA_003016935.1","Scaffold",38.4614,51.4,,"MQQI01",2175,0,"2018-03-26T00:00:00Z","ftp://ftp.ncbi.nlm.nih.gov/genomes/all/GCA/003/016/935/GCA_003016935.1_ASM301693v1",
"Pyricularia oryzae","Eukaryota;Fungi;Ascomycetes","Cd88215","SAMN14167123","PRJNA320483","GCA_012654135.1","Scaffold",36.7833,51,,"JAALIN01",2629,0,"2020-04-22T00:00:00Z","ftp://ftp.ncbi.nlm.nih.gov/genomes/all/GCA/012/654/135/GCA_012654135.1_ASM1265413v1",
"Pyricularia oryzae","Eukaryota;Fungi;Ascomycetes","Sar-AD3-5","SAMN06050114","PRJNA354675","GCA_003016785.1","Scaffold",38.991,51.1,,"MQPX01",1807,0,"2018-03-26T00:00:00Z","ftp://ftp.ncbi.nlm.nih.gov/genomes/all/GCA/003/016/785/GCA_003016785.1_ASM301678v1",
"Pyricularia oryzae","Eukaryota;Fungi;Ascomycetes","EI9604","SAMN04318448","PRJNA304354","GCA_001548785.1","Scaffold",41.6013,50.4,,"LOFD01",1346,0,"2016-02-04T00:00:00Z","ftp://ftp.ncbi.nlm.nih.gov/genomes/all/GCA/001/548/785/GCA_001548785.1_EI9604",
"Pyricularia oryzae","Eukaryota;Fungi;Ascomycetes","FJ86-CT","SAMN06050088","PRJNA354675","GCA_003015925.1","Scaffold",38.3835,51.2,,"MQOX01",1894,0,"2018-03-26T00:00:00Z","ftp://ftp.ncbi.nlm.nih.gov/genomes/all/GCA/003/015/925/GCA_003015925.1_ASM301592v1",
"Pyricularia oryzae Y34","Eukaryota;Fungi;Ascomycetes","Y34","SAMN02981398","PRJNA82691","GCA_000292585.1","Scaffold",38.8724,51.3,,"AHZS01",1198,0,"2012-08-21T00:00:00Z","ftp://ftp.ncbi.nlm.nih.gov/genomes/all/GCA/000/292/585/GCA_000292585.1_MoY34_2.0",
"Pyricularia oryzae","Eukaryota;Fungi;Ascomycetes","EI9411","SAMN04318447","PRJNA304354","GCA_001548775.1","Scaffold",40.3061,50.7,,"LOFC01",1661,0,"2016-02-04T00:00:00Z","ftp://ftp.ncbi.nlm.nih.gov/genomes/all/GCA/001/548/775/GCA_001548775.1_EI9411",
"Pyricularia oryzae","Eukaryota;Fungi;Ascomycetes","Sar-2-20-1","SAMN06050113","PRJNA354675","GCA_003016745.1","Scaffold",39.2833,51.2,,"MQPW01",2277,0,"2018-03-26T00:00:00Z","ftp://ftp.ncbi.nlm.nih.gov/genomes/all/GCA/003/016/745/GCA_003016745.1_ASM301674v1",
"Pyricularia oryzae","Eukaryota;Fungi;Ascomycetes","FJ81-SW","SAMN06050085","PRJNA354675","GCA_003016095.1","Scaffold",38.5369,51.2,,"MQOU01",1894,0,"2018-03-26T00:00:00Z","ftp://ftp.ncbi.nlm.nih.gov/genomes/all/GCA/003/016/095/GCA_003016095.1_ASM301609v1",
"Pyricularia oryzae","Eukaryota;Fungi;Ascomycetes","FJ81-ZP","SAMN06050086","PRJNA354675","GCA_003015895.1","Scaffold",37.96,51.3,,"MQOV01",1638,0,"2018-03-26T00:00:00Z","ftp://ftp.ncbi.nlm.nih.gov/genomes/all/GCA/003/015/895/GCA_003015895.1_ASM301589v1",
"Pyricularia oryzae","Eukaryota;Fungi;Ascomycetes","Bd8401","SAMN08009543","PRJNA320483","GCA_002925405.1","Scaffold",41.2685,49.7,,"PJZA01",2898,0,"2018-02-08T00:00:00Z","ftp://ftp.ncbi.nlm.nih.gov/genomes/all/GCA/002/925/405/GCA_002925405.1_ASM292540v1",
"Pyricularia oryzae","Eukaryota;Fungi;Ascomycetes","Bm88324","SAMN08009544","PRJNA320483","GCA_002925385.1","Scaffold",41.3791,49.8,,"PJYZ01",1731,0,"2018-02-08T00:00:00Z","ftp://ftp.ncbi.nlm.nih.gov/genomes/all/GCA/002/925/385/GCA_002925385.1_ASM292538v1",
"Pyricularia oryzae","Eukaryota;Fungi;Ascomycetes","HO","SAMN08009558","PRJNA320483","GCA_002925105.1","Scaffold",42.9764,49.5,,"PJYL01",1736,0,"2018-02-08T00:00:00Z","ftp://ftp.ncbi.nlm.nih.gov/genomes/all/GCA/002/925/105/GCA_002925105.1_ASM292510v1",
"Pyricularia oryzae","Eukaryota;Fungi;Ascomycetes","PL2-1","SAMN08009571","PRJNA320483","GCA_002924835.1","Scaffold",42.5518,49.5,,"PJXY01",811,0,"2018-02-08T00:00:00Z","ftp://ftp.ncbi.nlm.nih.gov/genomes/all/GCA/002/924/835/GCA_002924835.1_ASM292483v1",
"Pyricularia oryzae","Eukaryota;Fungi;Ascomycetes","IE1K","SAMN08009563","PRJNA320483","GCA_002924985.1","Scaffold",39.6007,50.6,,"PJYG01",1711,0,"2018-02-08T00:00:00Z","ftp://ftp.ncbi.nlm.nih.gov/genomes/all/GCA/002/924/985/GCA_002924985.1_ASM292498v1",
"Pyricularia oryzae","Eukaryota;Fungi;Ascomycetes","RMg-Dl","SAMN05425585","PRJNA330763","GCA_001853415.2","Scaffold",34.8153,51.8,,"MBSD02",996,0,"2016-10-25T00:00:00Z","ftp://ftp.ncbi.nlm.nih.gov/genomes/all/GCA/001/853/415/GCA_001853415.2_ASM185341v2",
"Pyricularia oryzae","Eukaryota;Fungi;Ascomycetes","Nich-2-3-2","SAMN06050111","PRJNA354675","GCA_003016385.1","Scaffold",39.1157,51.2,,"MQPU01",2154,0,"2018-03-26T00:00:00Z","ftp://ftp.ncbi.nlm.nih.gov/genomes/all/GCA/003/016/385/GCA_003016385.1_ASM301638v1",
"Pyricularia oryzae","Eukaryota;Fungi;Ascomycetes","Br80","SAMN08009546","PRJNA320483","GCA_002925345.1","Scaffold",42.4748,49.6,,"PJYX01",1035,0,"2018-02-08T00:00:00Z","ftp://ftp.ncbi.nlm.nih.gov/genomes/all/GCA/002/925/345/GCA_002925345.1_ASM292534v1",
"Pyricularia oryzae","Eukaryota;Fungi;Ascomycetes","Nich-2-7-4","SAMN06050112","PRJNA354675","GCA_003016725.1","Scaffold",39.1607,51.1,,"MQPV01",2037,0,"2018-03-26T00:00:00Z","ftp://ftp.ncbi.nlm.nih.gov/genomes/all/GCA/003/016/725/GCA_003016725.1_ASM301672v1",
"Pyricularia oryzae","Eukaryota;Fungi;Ascomycetes","P29","SAMN08009567","PRJNA320483","GCA_002924915.1","Scaffold",43.2657,49.4,,"PJYC01",1468,0,"2018-02-08T00:00:00Z","ftp://ftp.ncbi.nlm.nih.gov/genomes/all/GCA/002/924/915/GCA_002924915.1_ASM292491v1",
"Pyricularia oryzae","Eukaryota;Fungi;Ascomycetes","IB49","SAMN08009561","PRJNA320483","GCA_002925045.1","Scaffold",39.4399,50.7,,"PJYI01",1648,0,"2018-02-08T00:00:00Z","ftp://ftp.ncbi.nlm.nih.gov/genomes/all/GCA/002/925/045/GCA_002925045.1_ASM292504v1",
"Pyricularia oryzae","Eukaryota;Fungi;Ascomycetes","ML33","SAMN08009565","PRJNA320483","GCA_002924965.1","Scaffold",39.4917,50.6,,"PJYE01",3431,0,"2018-02-08T00:00:00Z","ftp://ftp.ncbi.nlm.nih.gov/genomes/all/GCA/002/924/965/GCA_002924965.1_ASM292496v1",
"Pyricularia oryzae Mo-nwi-31","Eukaryota;Fungi;Ascomycetes","Mo-nwi-31","SAMN07817530","PRJNA232299","GCA_003990535.1","Contig",37.3008,51.7,,"JGVY01",3416,0,"2019-01-02T00:00:00Z","ftp://ftp.ncbi.nlm.nih.gov/genomes/all/GCA/003/990/535/GCA_003990535.1_Moryzae-RP-2421.1.0",
"Pyricularia oryzae","Eukaryota;Fungi;Ascomycetes","P28","SAMN08009566","PRJNA320483","GCA_002924945.1","Scaffold",43.575,49.4,,"PJYD01",1657,0,"2018-02-08T00:00:00Z","ftp://ftp.ncbi.nlm.nih.gov/genomes/all/GCA/002/924/945/GCA_002924945.1_ASM292494v1",
"Pyricularia oryzae","Eukaryota;Fungi;Ascomycetes","FJ99138","SAMN06050093","PRJNA354675","GCA_003016165.1","Scaffold",37.503,51.7,,"MQPC01",1646,0,"2018-03-26T00:00:00Z","ftp://ftp.ncbi.nlm.nih.gov/genomes/all/GCA/003/016/165/GCA_003016165.1_ASM301616v1",
"Pyricularia oryzae","Eukaryota;Fungi;Ascomycetes","IA1","SAMN08009559","PRJNA320483","GCA_002925085.1","Scaffold",39.4228,50.7,,"PJYK01",2230,0,"2018-02-08T00:00:00Z","ftp://ftp.ncbi.nlm.nih.gov/genomes/all/GCA/002/925/085/GCA_002925085.1_ASM292508v1",
"Pyricularia oryzae P131","Eukaryota;Fungi;Ascomycetes","P131","SAMN02981399","PRJNA82693","GCA_000292605.1","Scaffold",37.955,51.4,,"AHZT01",1822,12713,"2012-08-21T00:00:00Z","ftp://ftp.ncbi.nlm.nih.gov/genomes/all/GCA/000/292/605/GCA_000292605.1_MoP131_2.0",
"Pyricularia oryzae","Eukaryota;Fungi;Ascomycetes","Pg1213-22","SAMN08009569","PRJNA320483","GCA_002924875.1","Scaffold",42.0769,49.8,,"PJYA01",1913,0,"2018-02-08T00:00:00Z","ftp://ftp.ncbi.nlm.nih.gov/genomes/all/GCA/002/924/875/GCA_002924875.1_ASM292487v1",
"Pyricularia oryzae","Eukaryota;Fungi;Ascomycetes","LpKY97","SAMN08009564","PRJNA320483","GCA_002924975.1","Scaffold",42.9139,49.2,,"PJYF01",1340,0,"2018-02-08T00:00:00Z","ftp://ftp.ncbi.nlm.nih.gov/genomes/all/GCA/002/924/975/GCA_002924975.1_ASM292497v1",
"Pyricularia oryzae","Eukaryota;Fungi;Ascomycetes","B71","SAMN04942725","PRJNA320483","GCA_001675625.1","Scaffold",43.6258,49.4,,"LXOQ01",1787,0,"2016-06-23T00:00:00Z","ftp://ftp.ncbi.nlm.nih.gov/genomes/all/GCA/001/675/625/GCA_001675625.1_ASM167562v1",
"Pyricularia oryzae","Eukaryota;Fungi;Ascomycetes","IC17","SAMN08009562","PRJNA320483","GCA_002925025.1","Scaffold",39.5349,50.6,,"PJYH01",1981,0,"2018-02-08T00:00:00Z","ftp://ftp.ncbi.nlm.nih.gov/genomes/all/GCA/002/925/025/GCA_002925025.1_ASM292502v1",
"Pyricularia oryzae","Eukaryota;Fungi;Ascomycetes","GG11","SAMN08009555","PRJNA320483","GCA_002925155.1","Scaffold",42.5645,49.3,,"PJYO01",1462,0,"2018-02-08T00:00:00Z","ftp://ftp.ncbi.nlm.nih.gov/genomes/all/GCA/002/925/155/GCA_002925155.1_ASM292515v1",
"Pyricularia oryzae","Eukaryota;Fungi;Ascomycetes","IB33","SAMN08009560","PRJNA320483","GCA_002925065.1","Scaffold",40.2384,50.5,,"PJYJ01",2752,0,"2018-02-08T00:00:00Z","ftp://ftp.ncbi.nlm.nih.gov/genomes/all/GCA/002/925/065/GCA_002925065.1_ASM292506v1",
"Pyricularia oryzae","Eukaryota;Fungi;Ascomycetes","FR13","SAMN08009552","PRJNA320483","GCA_002925215.1","Scaffold",39.8441,50.6,,"PJYR01",3685,0,"2018-02-08T00:00:00Z","ftp://ftp.ncbi.nlm.nih.gov/genomes/all/GCA/002/925/215/GCA_002925215.1_ASM292521v1",
"Pyricularia oryzae","Eukaryota;Fungi;Ascomycetes","CHW","SAMN08009549","PRJNA320483","GCA_002925285.1","Scaffold",40.3811,50.2,,"PJYU01",1346,0,"2018-02-08T00:00:00Z","ftp://ftp.ncbi.nlm.nih.gov/genomes/all/GCA/002/925/285/GCA_002925285.1_ASM292528v1",
"Pyricularia oryzae","Eukaryota;Fungi;Ascomycetes","TF05-1","SAMN08009576","PRJNA320483","GCA_002924755.1","Scaffold",43.5351,49.2,,"PJXT01",1717,0,"2018-02-08T00:00:00Z","ftp://ftp.ncbi.nlm.nih.gov/genomes/all/GCA/002/924/755/GCA_002924755.1_ASM292475v1",
"Pyricularia oryzae","Eukaryota;Fungi;Ascomycetes","G22","SAMN08009554","PRJNA320483","GCA_002925165.1","Scaffold",41.4213,49.5,,"PJYP01",2453,0,"2018-02-08T00:00:00Z","ftp://ftp.ncbi.nlm.nih.gov/genomes/all/GCA/002/925/165/GCA_002925165.1_ASM292516v1",
"Pyricularia oryzae","Eukaryota;Fungi;Ascomycetes","P3","SAMN08009568","PRJNA320483","GCA_002924885.1","Scaffold",42.6207,49.9,,"PJYB01",2473,0,"2018-02-08T00:00:00Z","ftp://ftp.ncbi.nlm.nih.gov/genomes/all/GCA/002/924/885/GCA_002924885.1_ASM292488v1",
"Pyricularia oryzae","Eukaryota;Fungi;Ascomycetes","P3","SAMN14167126","PRJNA320483","GCA_012654075.1","Scaffold",42.6204,49.9,,"JAANAJ01",2472,0,"2020-04-22T00:00:00Z","ftp://ftp.ncbi.nlm.nih.gov/genomes/all/GCA/012/654/075/GCA_012654075.1_ASM1265407v1",
"Pyricularia oryzae","Eukaryota;Fungi;Ascomycetes","SSFL02-1","SAMN08009573","PRJNA320483","GCA_002924795.1","Scaffold",40.5036,50.4,,"PJXW01",2106,0,"2018-02-08T00:00:00Z","ftp://ftp.ncbi.nlm.nih.gov/genomes/all/GCA/002/924/795/GCA_002924795.1_ASM292479v1",
"Pyricularia oryzae","Eukaryota;Fungi;Ascomycetes","G17","SAMN08009553","PRJNA320483","GCA_002925205.1","Scaffold",42.0553,48.8,,"PJYQ01",2593,0,"2018-02-08T00:00:00Z","ftp://ftp.ncbi.nlm.nih.gov/genomes/all/GCA/002/925/205/GCA_002925205.1_ASM292520v1",
"Pyricularia oryzae","Eukaryota;Fungi;Ascomycetes","G17","SAMN14167124","PRJNA320483","GCA_012654105.1","Scaffold",42.0553,48.8,,"JAANAK01",2593,0,"2020-04-22T00:00:00Z","ftp://ftp.ncbi.nlm.nih.gov/genomes/all/GCA/012/654/105/GCA_012654105.1_ASM1265410v1",
"Pyricularia oryzae","Eukaryota;Fungi;Ascomycetes","CHRF","SAMN08009548","PRJNA320483","GCA_002925295.1","Scaffold",42.1414,49.5,,"PJYV01",1422,0,"2018-02-08T00:00:00Z","ftp://ftp.ncbi.nlm.nih.gov/genomes/all/GCA/002/925/295/GCA_002925295.1_ASM292529v1",
"Pyricularia oryzae","Eukaryota;Fungi;Ascomycetes","B2","SAMN08009541","PRJNA320483","GCA_002925425.1","Scaffold",42.4755,49.8,,"PJZC01",2486,0,"2018-02-08T00:00:00Z","ftp://ftp.ncbi.nlm.nih.gov/genomes/all/GCA/002/925/425/GCA_002925425.1_ASM292542v1",
"Pyricularia oryzae","Eukaryota;Fungi;Ascomycetes","Arcadia","SAMN08009540","PRJNA320483","GCA_002925445.1","Scaffold",40.8433,49.8,,"PJZD01",1968,0,"2018-02-08T00:00:00Z","ftp://ftp.ncbi.nlm.nih.gov/genomes/all/GCA/002/925/445/GCA_002925445.1_ASM292544v1",
"Pyricularia oryzae","Eukaryota;Fungi;Ascomycetes","T25","SAMN08009575","PRJNA320483","GCA_002924745.1","Scaffold",42.2888,49.4,,"PJXU01",1276,0,"2018-02-08T00:00:00Z","ftp://ftp.ncbi.nlm.nih.gov/genomes/all/GCA/002/924/745/GCA_002924745.1_ASM292474v1",
"Pyricularia oryzae","Eukaryota;Fungi;Ascomycetes","Br7","SAMN08009545","PRJNA320483","GCA_002925335.1","Scaffold",41.7325,49.6,,"PJYY01",2057,0,"2018-02-08T00:00:00Z","ftp://ftp.ncbi.nlm.nih.gov/genomes/all/GCA/002/925/335/GCA_002925335.1_ASM292533v1",
"Pyricularia oryzae","Eukaryota;Fungi;Ascomycetes","SSFL14-3","SAMN08009574","PRJNA320483","GCA_002924785.1","Scaffold",42.713,49.7,,"PJXV01",2635,0,"2018-02-08T00:00:00Z","ftp://ftp.ncbi.nlm.nih.gov/genomes/all/GCA/002/924/785/GCA_002924785.1_ASM292478v1",
"Pyricularia oryzae","Eukaryota;Fungi;Ascomycetes","BdMeh16-1","SAMN04942534","PRJNA320483","GCA_001675605.1","Scaffold",42.9622,49.5,,"LXOP01",4301,0,"2016-06-23T00:00:00Z","ftp://ftp.ncbi.nlm.nih.gov/genomes/all/GCA/001/675/605/GCA_001675605.1_ASM167560v1",
"Pyricularia oryzae","Eukaryota;Fungi;Ascomycetes","B51","SAMN08009542","PRJNA320483","GCA_002925415.1","Scaffold",43.0528,49.5,,"PJZB01",2827,0,"2018-02-08T00:00:00Z","ftp://ftp.ncbi.nlm.nih.gov/genomes/all/GCA/002/925/415/GCA_002925415.1_ASM292541v1",
"Pyricularia oryzae KJ201","Eukaryota;Fungi;Ascomycetes","KJ201","SAMN02730190","PRJNA179498","GCA_000376685.2","Scaffold",45.0965,50.7,,"ANSL02",123,0,"2013-04-22T00:00:00Z","ftp://ftp.ncbi.nlm.nih.gov/genomes/all/GCA/000/376/685/GCA_000376685.2_MoKJ201_3",
"Pyricularia oryzae","Eukaryota;Fungi;Ascomycetes","GrF52","SAMN08009556","PRJNA320483","GCA_002925145.1","Scaffold",39.9044,50.1,,"PJYN01",3580,0,"2018-02-08T00:00:00Z","ftp://ftp.ncbi.nlm.nih.gov/genomes/all/GCA/002/925/145/GCA_002925145.1_ASM292514v1",
"Pyricularia oryzae","Eukaryota;Fungi;Ascomycetes","PH42","SAMN08009570","PRJNA320483","GCA_002924865.1","Scaffold",43.2888,48.9,,"PJXZ01",2757,0,"2018-02-08T00:00:00Z","ftp://ftp.ncbi.nlm.nih.gov/genomes/all/GCA/002/924/865/GCA_002924865.1_ASM292486v1",
"Pyricularia oryzae","Eukaryota;Fungi;Ascomycetes","Guy11","SAMN08009557","PRJNA320483","GCA_002925095.1","Scaffold",37.3561,51.1,,"PJYM01",3318,0,"2018-02-08T00:00:00Z","ftp://ftp.ncbi.nlm.nih.gov/genomes/all/GCA/002/925/095/GCA_002925095.1_ASM292509v1",
"Pyricularia oryzae","Eukaryota;Fungi;Ascomycetes","10100","SAMN08712647","PRJNA438312","GCA_003991345.1","Scaffold",39.555,50.8,,"PYAN01",3159,0,"2019-01-03T00:00:00Z","ftp://ftp.ncbi.nlm.nih.gov/genomes/all/GCA/003/991/345/GCA_003991345.1_ASM399134v1",
"Pyricularia oryzae","Eukaryota;Fungi;Ascomycetes","EtKY19-1","SAMN13964779","PRJNA604303","GCA_012596185.1","Scaffold",42.7159,50.8,,"JAAGOI01",7364,0,"2020-04-21T00:00:00Z","ftp://ftp.ncbi.nlm.nih.gov/genomes/all/GCA/012/596/185/GCA_012596185.1_EtKY19-1",
"Pyricularia oryzae","Eukaryota;Fungi;Ascomycetes","H08-1c","SAMN07267887","PRJNA391416","GCA_002218355.1","Scaffold",39.2722,51,,"NKQG01",2879,0,"2017-07-14T00:00:00Z","ftp://ftp.ncbi.nlm.nih.gov/genomes/all/GCA/002/218/355/GCA_002218355.1_H08-1c_0.9",
"Pyricularia oryzae","Eukaryota;Fungi;Ascomycetes","MG10","SAMN04217083","PRJNA302736","GCA_001936435.1","Contig",38.7513,51.2,,"LNTM01",7631,0,"2017-01-05T00:00:00Z","ftp://ftp.ncbi.nlm.nih.gov/genomes/all/GCA/001/936/435/GCA_001936435.1_ASM193643v1",
"Pyricularia oryzae","Eukaryota;Fungi;Ascomycetes","1106.2","SAMN02739886","PRJNA245782","GCA_000734095.1","Contig",37.5568,51.8,,"JMKE01",5680,0,"2014-07-28T00:00:00Z","ftp://ftp.ncbi.nlm.nih.gov/genomes/all/GCA/000/734/095/GCA_000734095.1_Mo1106.2",
"Pyricularia oryzae","Eukaryota;Fungi;Ascomycetes","4603.4","SAMN02739934","PRJNA245782","GCA_000734215.1","Contig",37.5933,51.7,,"JMJZ01",5947,0,"2014-07-28T00:00:00Z","ftp://ftp.ncbi.nlm.nih.gov/genomes/all/GCA/000/734/215/GCA_000734215.1_Mo4603.4",
"Pyricularia oryzae B157","Eukaryota;Fungi;Ascomycetes","B157","SAMN03329169","PRJNA209290","GCA_000832285.1","Contig",37.7574,51.3,,"AXDJ01",5735,0,"2015-02-04T00:00:00Z","ftp://ftp.ncbi.nlm.nih.gov/genomes/all/GCA/000/832/285/GCA_000832285.1_M_oryzae_b157_v1",
"Pyricularia oryzae","Eukaryota;Fungi;Ascomycetes","AH06","SAMN02740625","PRJNA245782","GCA_000734335.1","Contig",37.0133,51.9,,"JMJW01",6061,0,"2014-07-28T00:00:00Z","ftp://ftp.ncbi.nlm.nih.gov/genomes/all/GCA/000/734/335/GCA_000734335.1_MoAH06",
"Pyricularia oryzae","Eukaryota;Fungi;Ascomycetes","ZJ15","SAMN02740637","PRJNA245782","GCA_000734315.1","Contig",37.4938,51.9,,"JMJM01",6575,0,"2014-07-28T00:00:00Z","ftp://ftp.ncbi.nlm.nih.gov/genomes/all/GCA/000/734/315/GCA_000734315.1_MoZJ15",
"Pyricularia oryzae","Eukaryota;Fungi;Ascomycetes","2303.1","SAMN02739932","PRJNA245782","GCA_000734075.1","Contig",38.0485,51.6,,"JMKB01",6787,0,"2014-07-28T00:00:00Z","ftp://ftp.ncbi.nlm.nih.gov/genomes/all/GCA/000/734/075/GCA_000734075.1_Mo2303.1",
"Pyricularia oryzae","Eukaryota;Fungi;Ascomycetes","JS25","SAMN02740633","PRJNA245782","GCA_000734245.1","Contig",36.8639,51.9,,"JMJP01",6159,0,"2014-07-28T00:00:00Z","ftp://ftp.ncbi.nlm.nih.gov/genomes/all/GCA/000/734/245/GCA_000734245.1_MoJS25",
"Pyricularia oryzae MG01","Eukaryota;Fungi;Ascomycetes","MG01","SAMN02397294","PRJNA227170","GCA_000969745.1","Contig",38.9991,51.1,,"AYPX01",7722,0,"2015-04-06T00:00:00Z","ftp://ftp.ncbi.nlm.nih.gov/genomes/all/GCA/000/969/745/GCA_000969745.1_M_oryzae_MG01_v1",
"Pyricularia oryzae","Eukaryota;Fungi;Ascomycetes","MG02","SAMN04216992","PRJNA302700","GCA_001936075.1","Contig",39.3365,51,,"LNTH01",8554,0,"2017-01-05T00:00:00Z","ftp://ftp.ncbi.nlm.nih.gov/genomes/all/GCA/001/936/075/GCA_001936075.1_ASM193607v1",
"Pyricularia oryzae","Eukaryota;Fungi;Ascomycetes","87-120","SAMN08377452","PRJNA320483","GCA_003013125.1","Scaffold",39.1655,50.4,,"PQBK01",1985,0,"2018-03-21T00:00:00Z","ftp://ftp.ncbi.nlm.nih.gov/genomes/all/GCA/003/013/125/GCA_003013125.1_ASM301312v1",
"Pyricularia oryzae","Eukaryota;Fungi;Ascomycetes","BdJes16-1","SAMN04942531","PRJNA320483","GCA_001675595.1","Scaffold",41.3441,50.2,,"LXOO01",7154,0,"2016-06-23T00:00:00Z","ftp://ftp.ncbi.nlm.nih.gov/genomes/all/GCA/001/675/595/GCA_001675595.1_ASM167559v1",
"Pyricularia oryzae","Eukaryota;Fungi;Ascomycetes","PR01-37.V.3.07","SAMN14557268","PRJNA610476","GCA_012490805.1","Contig",40.1861,50.3,,"JAAXMV01",4727,0,"2020-04-17T00:00:00Z","ftp://ftp.ncbi.nlm.nih.gov/genomes/all/GCA/012/490/805/GCA_012490805.1_ASM1249080v1",
"Pyricularia oryzae","Eukaryota;Fungi;Ascomycetes","GD22","SAMN02740627","PRJNA245782","GCA_000734345.1","Contig",36.983,51.6,,"JMJU01",7027,0,"2014-07-28T00:00:00Z","ftp://ftp.ncbi.nlm.nih.gov/genomes/all/GCA/000/734/345/GCA_000734345.1_MoGD22",
"Pyricularia oryzae","Eukaryota;Fungi;Ascomycetes","PR01-37.V.1.05","SAMN14329444","PRJNA610476","GCA_012490815.1","Contig",38.497,51.1,,"JAAXMU01",4774,0,"2020-04-17T00:00:00Z","ftp://ftp.ncbi.nlm.nih.gov/genomes/all/GCA/012/490/815/GCA_012490815.1_ASM1249081v1",
"Pyricularia oryzae","Eukaryota;Fungi;Ascomycetes","HB12","SAMN02740630","PRJNA245782","GCA_000734235.1","Contig",36.7163,51.6,,"JMJS01",7622,0,"2014-07-28T00:00:00Z","ftp://ftp.ncbi.nlm.nih.gov/genomes/all/GCA/000/734/235/GCA_000734235.1_MoHB12",
"Pyricularia oryzae","Eukaryota;Fungi;Ascomycetes","K91-13","SAMN02742167","PRJNA245782","GCA_000734515.1","Contig",36.4469,51.6,,"JMQW01",7603,0,"2014-07-28T00:00:00Z","ftp://ftp.ncbi.nlm.nih.gov/genomes/all/GCA/000/734/515/GCA_000734515.1_ASM73451v1",
"Pyricularia oryzae","Eukaryota;Fungi;Ascomycetes","K88-24","SAMN02742165","PRJNA245782","GCA_000734495.1","Contig",36.2884,51.6,,"JMQU01",7725,0,"2014-07-28T00:00:00Z","ftp://ftp.ncbi.nlm.nih.gov/genomes/all/GCA/000/734/495/GCA_000734495.1_ASM73449v1",
"Pyricularia oryzae Mo-nwi-55","Eukaryota;Fungi;Ascomycetes","Mo-nwi-55","SAMN02688647","PRJNA232298","GCA_002021675.1","Contig",37.7645,51.6,,"AZSW01",7002,0,"2017-03-06T00:00:00Z","ftp://ftp.ncbi.nlm.nih.gov/genomes/all/GCA/002/021/675/GCA_002021675.1_Moryzae-RML-29.1.0",
"Pyricularia oryzae","Eukaryota;Fungi;Ascomycetes","K91-10","SAMN02742166","PRJNA245782","GCA_000734595.1","Contig",36.3842,51.5,,"JMQV01",7786,0,"2014-07-28T00:00:00Z","ftp://ftp.ncbi.nlm.nih.gov/genomes/all/GCA/000/734/595/GCA_000734595.1_ASM73459v1",
"Pyricularia oryzae","Eukaryota;Fungi;Ascomycetes","K98-10","SAMN02742173","PRJNA245782","GCA_000734655.1","Contig",37.0979,51.1,,"JMRC01",8594,0,"2014-07-28T00:00:00Z","ftp://ftp.ncbi.nlm.nih.gov/genomes/all/GCA/000/734/655/GCA_000734655.1_ASM73465v1",
"Pyricularia oryzae","Eukaryota;Fungi;Ascomycetes","HN06","SAMN02740631","PRJNA245782","GCA_000734405.1","Contig",36.1134,51.5,,"JMJR01",7798,0,"2014-07-28T00:00:00Z","ftp://ftp.ncbi.nlm.nih.gov/genomes/all/GCA/000/734/405/GCA_000734405.1_MoHN06",
"Pyricularia oryzae","Eukaryota;Fungi;Ascomycetes","GX01","SAMN02740629","PRJNA245782","GCA_000734395.1","Contig",36.7888,51.5,,"JMJT01",8371,0,"2014-07-28T00:00:00Z","ftp://ftp.ncbi.nlm.nih.gov/genomes/all/GCA/000/734/395/GCA_000734395.1_MoGX01",
"Pyricularia oryzae","Eukaryota;Fungi;Ascomycetes","K88-07","SAMN02742164","PRJNA245782","GCA_000734575.1","Contig",35.5714,51.7,,"JMQT01",7624,0,"2014-07-28T00:00:00Z","ftp://ftp.ncbi.nlm.nih.gov/genomes/all/GCA/000/734/575/GCA_000734575.1_ASM73457v1",
"Pyricularia oryzae","Eukaryota;Fungi;Ascomycetes","SC05","SAMN02740636","PRJNA245782","GCA_000734275.1","Contig",36.6799,51.5,,"JMJN01",8190,0,"2014-07-28T00:00:00Z","ftp://ftp.ncbi.nlm.nih.gov/genomes/all/GCA/000/734/275/GCA_000734275.1_MoSC05",
"Pyricularia oryzae","Eukaryota;Fungi;Ascomycetes","WHTQ","SAMN08009580","PRJNA320483","GCA_002924665.1","Scaffold",42.4782,48.7,,"PJXP01",3811,0,"2018-02-08T00:00:00Z","ftp://ftp.ncbi.nlm.nih.gov/genomes/all/GCA/002/924/665/GCA_002924665.1_ASM292466v1",
"Pyricularia oryzae","Eukaryota;Fungi;Ascomycetes","BdBar16-1","SAMN04940126","PRJNA320483","GCA_001675615.1","Scaffold",42.0845,49.9,,"LXON01",10105,0,"2016-06-23T00:00:00Z","ftp://ftp.ncbi.nlm.nih.gov/genomes/all/GCA/001/675/615/GCA_001675615.1_ASM167561v1",
"Pyricularia oryzae","Eukaryota;Fungi;Ascomycetes","K84-01","SAMN02742163","PRJNA245782","GCA_000734455.1","Contig",36.3912,51.5,,"JMQS01",8119,0,"2014-07-28T00:00:00Z","ftp://ftp.ncbi.nlm.nih.gov/genomes/all/GCA/000/734/455/GCA_000734455.1_MoK84-01",
"Pyricularia oryzae","Eukaryota;Fungi;Ascomycetes","1836.3","SAMN02739929","PRJNA245782","GCA_000734105.1","Contig",35.8181,51.5,,"JMKC01",7899,0,"2014-07-28T00:00:00Z","ftp://ftp.ncbi.nlm.nih.gov/genomes/all/GCA/000/734/105/GCA_000734105.1_Mo1836.3",
"Pyricularia oryzae","Eukaryota;Fungi;Ascomycetes","903.4","SAMN02739936","PRJNA245782","GCA_000734185.1","Contig",36.2113,51.4,,"JMJX01",8248,0,"2014-07-28T00:00:00Z","ftp://ftp.ncbi.nlm.nih.gov/genomes/all/GCA/000/734/185/GCA_000734185.1_Mo903.4",
"Pyricularia oryzae","Eukaryota;Fungi;Ascomycetes","4403.2","SAMN02739933","PRJNA245782","GCA_000734155.1","Contig",36.2603,51.3,,"JMKA01",8416,0,"2014-07-28T00:00:00Z","ftp://ftp.ncbi.nlm.nih.gov/genomes/all/GCA/000/734/155/GCA_000734155.1_Mo4403.2",
"Pyricularia oryzae","Eukaryota;Fungi;Ascomycetes","JL10","SAMN02740632","PRJNA245782","GCA_000734425.1","Contig",36.3159,51.3,,"JMJQ01",8649,0,"2014-07-28T00:00:00Z","ftp://ftp.ncbi.nlm.nih.gov/genomes/all/GCA/000/734/425/GCA_000734425.1_MoJL10",
"Pyricularia oryzae","Eukaryota;Fungi;Ascomycetes","401.4","SAMN02739935","PRJNA245782","GCA_000734165.1","Contig",36.037,51.4,,"JMJY01",8275,0,"2014-07-28T00:00:00Z","ftp://ftp.ncbi.nlm.nih.gov/genomes/all/GCA/000/734/165/GCA_000734165.1_Mo401.4",
"Pyricularia oryzae 4091-5-8","Eukaryota;Fungi;Ascomycetes","4091-5-8","SAMN02981493","PRJNA184380","GCA_000376765.1","Contig",37.5191,50.6,,"AOCH01",8886,0,"2013-04-22T00:00:00Z","ftp://ftp.ncbi.nlm.nih.gov/genomes/all/GCA/000/376/765/GCA_000376765.1_Mo4091-5-8_1.0",
"Pyricularia oryzae","Eukaryota;Fungi;Ascomycetes","CQ11","SAMN02740626","PRJNA245782","GCA_000734325.1","Contig",36.2635,51.4,,"JMJV01",8541,0,"2014-07-28T00:00:00Z","ftp://ftp.ncbi.nlm.nih.gov/genomes/all/GCA/000/734/325/GCA_000734325.1_MoCQ11",
"Pyricularia oryzae","Eukaryota;Fungi;Ascomycetes","NX37","SAMN02740634","PRJNA245782","GCA_000734265.1","Contig",35.8714,51.4,,"JMJO01",8518,0,"2014-07-28T00:00:00Z","ftp://ftp.ncbi.nlm.nih.gov/genomes/all/GCA/000/734/265/GCA_000734265.1_MoNX37",
"Pyricularia oryzae","Eukaryota;Fungi;Ascomycetes","1801.4","SAMN02739928","PRJNA245782","GCA_000734085.1","Contig",35.7599,51.4,,"JMKD01",8396,0,"2014-07-28T00:00:00Z","ftp://ftp.ncbi.nlm.nih.gov/genomes/all/GCA/000/734/085/GCA_000734085.1_Mo1801.4",
"Pyricularia oryzae","Eukaryota;Fungi;Ascomycetes","GOV41","SAMN02742174","PRJNA245782","GCA_000734675.1","Contig",35.9461,51.4,,"JMRD01",8535,0,"2014-07-28T00:00:00Z","ftp://ftp.ncbi.nlm.nih.gov/genomes/all/GCA/000/734/675/GCA_000734675.1_ASM73467v1",
"Pyricularia oryzae","Eukaryota;Fungi;Ascomycetes","PR72","SAMN02742176","PRJNA245782","GCA_000734785.1","Contig",35.8019,51.3,,"JMRF01",8427,0,"2014-07-28T00:00:00Z","ftp://ftp.ncbi.nlm.nih.gov/genomes/all/GCA/000/734/785/GCA_000734785.1_ASM73478v1",
"Pyricularia oryzae","Eukaryota;Fungi;Ascomycetes","IT10","SAMN02742175","PRJNA245782","GCA_000734685.1","Contig",36.2555,51.3,,"JMRE01",8855,0,"2014-07-28T00:00:00Z","ftp://ftp.ncbi.nlm.nih.gov/genomes/all/GCA/000/734/685/GCA_000734685.1_ASM73468v1",
"Pyricularia oryzae","Eukaryota;Fungi;Ascomycetes","K93-16","SAMN02742169","PRJNA245782","GCA_000734605.1","Contig",35.9671,51.2,,"JMQY01",8881,0,"2014-07-28T00:00:00Z","ftp://ftp.ncbi.nlm.nih.gov/genomes/all/GCA/000/734/605/GCA_000734605.1_ASM73460v1",
"Pyricularia oryzae","Eukaryota;Fungi;Ascomycetes","BM1-24","SAMN02742257","PRJNA245782","GCA_000734705.1","Contig",36.2356,51.1,,"JMRG01",9429,0,"2014-07-28T00:00:00Z","ftp://ftp.ncbi.nlm.nih.gov/genomes/all/GCA/000/734/705/GCA_000734705.1_ASM73470v1",
"Pyricularia oryzae","Eukaryota;Fungi;Ascomycetes","K98-02","SAMN02742172","PRJNA245782","GCA_000734755.1","Contig",36.0034,51.1,,"JMRB01",9277,0,"2014-07-28T00:00:00Z","ftp://ftp.ncbi.nlm.nih.gov/genomes/all/GCA/000/734/755/GCA_000734755.1_ASM73475v1",
"Pyricularia oryzae","Eukaryota;Fungi;Ascomycetes","K91-30","SAMN02742168","PRJNA245782","GCA_000734525.1","Contig",35.6693,51.2,,"JMQX01",9213,0,"2014-07-28T00:00:00Z","ftp://ftp.ncbi.nlm.nih.gov/genomes/all/GCA/000/734/525/GCA_000734525.1_ASM73452v1",
"Pyricularia oryzae","Eukaryota;Fungi;Ascomycetes","CA205","SAMN02742258","PRJNA245782","GCA_000734735.1","Contig",36.003,51.1,,"JMRH01",9152,0,"2014-07-28T00:00:00Z","ftp://ftp.ncbi.nlm.nih.gov/genomes/all/GCA/000/734/735/GCA_000734735.1_ASM73473v1",
"Pyricularia oryzae","Eukaryota;Fungi;Ascomycetes","K96-11","SAMN02742171","PRJNA245782","GCA_000734635.1","Contig",35.7743,51.2,,"JMRA01",9202,0,"2014-07-28T00:00:00Z","ftp://ftp.ncbi.nlm.nih.gov/genomes/all/GCA/000/734/635/GCA_000734635.1_ASM73463v1",
"Pyricularia oryzae","Eukaryota;Fungi;Ascomycetes","K96-07","SAMN02742170","PRJNA245782","GCA_000734555.1","Contig",35.6138,51.1,,"JMQZ01",9452,0,"2014-07-28T00:00:00Z","ftp://ftp.ncbi.nlm.nih.gov/genomes/all/GCA/000/734/555/GCA_000734555.1_ASM73455v1",
"Pyricularia oryzae","Eukaryota;Fungi;Ascomycetes","Br130","SAMN08009547","PRJNA320483","GCA_002925325.1","Scaffold",40.2195,49.1,,"PJYW01",3120,0,"2018-02-08T00:00:00Z","ftp://ftp.ncbi.nlm.nih.gov/genomes/all/GCA/002/925/325/GCA_002925325.1_ASM292532v1",
"Pyricularia oryzae","Eukaryota;Fungi;Ascomycetes","WBSS","SAMN08009579","PRJNA320483","GCA_002924695.1","Scaffold",39.237,51.1,,"PJXQ01",22748,0,"2018-02-08T00:00:00Z","ftp://ftp.ncbi.nlm.nih.gov/genomes/all/GCA/002/924/695/GCA_002924695.1_ASM292469v1",
"Pyricularia oryzae","Eukaryota;Fungi;Ascomycetes","MG04","SAMN04216996","PRJNA302732","GCA_001936935.1","Contig",39.8812,50.6,,"LNTK01",41689,0,"2017-01-05T00:00:00Z","ftp://ftp.ncbi.nlm.nih.gov/genomes/all/GCA/001/936/935/GCA_001936935.1_ASM193693v1",
